filetype,image_score
pool_2_dog,0.58558389544487
pool_2_matrix,0.5779248774051666
pool_2_space,0.5694043785333633
pool_2_robots,0.4234008193016052
pool_2_car,0.5330600142478943
pool_1_dog,0.526598259806633
pool_1_matrix,0.4670914113521576
pool_1_space,0.4662373811006546
pool_1_robots,0.3831953704357147
pool_1_car,0.4898823350667953
